{"cameraMode":{"drawMode":0,"name":"Shaded","section":"Shading Mode"},"sceneLighting":false,"audioPlay":false,"sceneViewState":{"showFog":true,"showMaterialUpdate":false,"showSkybox":false,"showFlares":true,"showImageEffects":true,"showParticleSystems":true},"in2DMode":false,"pivot":{"x":552.7011108398438,"y":208.06007385253907,"z":-44.16620635986328},"rotation":{"x":-0.3324800729751587,"y":-0.09710060060024262,"z":0.0344674326479435,"w":-0.9375047087669373},"size":361.17425537109377,"orthographic":false}