{"cameraMode":{"drawMode":0,"name":"Shaded","section":"Shading Mode"},"sceneLighting":true,"audioPlay":false,"sceneViewState":{"showFog":true,"showMaterialUpdate":false,"showSkybox":true,"showFlares":true,"showImageEffects":true,"showParticleSystems":true},"in2DMode":false,"pivot":{"x":1.2366058826446534,"y":-1.0792579650878907,"z":-35.80180740356445},"rotation":{"x":-0.005244344938546419,"y":0.9891217350959778,"z":-0.14374125003814698,"w":-0.03676961734890938},"size":6.821260929107666,"orthographic":false}