{"cameraMode":{"drawMode":0,"name":"Shaded","section":"Shading Mode"},"sceneLighting":true,"audioPlay":false,"sceneViewState":{"showFog":true,"showMaterialUpdate":false,"showSkybox":true,"showFlares":true,"showImageEffects":true,"showParticleSystems":true},"in2DMode":false,"pivot":{"x":4.308068752288818,"y":-10.483656883239746,"z":48.099693298339847},"rotation":{"x":0.08113698661327362,"y":0.045144904404878619,"z":-0.003689530771225691,"w":0.9956861734390259},"size":34.32740783691406,"orthographic":false}